Size,Number Operation,Time (seconds)
200,15960000,0.100647
800,1023360000,6.470292
1200,3454560000,22.288229
1600,8189440000,55.801642
2000,15996000000,135.526575
